{"cameraMode":{"drawMode":0,"name":"Shaded","section":"Shading Mode"},"sceneLighting":true,"audioPlay":false,"sceneViewState":{"m_AlwaysRefresh":false,"showFog":true,"showSkybox":true,"showFlares":true,"showImageEffects":true,"showParticleSystems":true,"showVisualEffectGraphs":true,"m_FxEnabled":true},"in2DMode":false,"pivot":{"x":6.68972110748291,"y":12.069398880004883,"z":-18.06056022644043},"rotation":{"x":0.037132445722818378,"y":0.537772536277771,"z":0.023756809532642366,"w":-0.8420677781105042},"size":4.7169904708862309,"orthographic":false}